Category,Subcategory,Organization,Street Address,City,Postal Code,Y-Field (Lat),X-Field (Long),Phone Number,Email Address,Social Media,Website,Day-to-Day Services & Programs,Emergency Services & Role
Support & Emergency Services,Police Station,Toronto Police Services: Substation 55,41 Cranfield Road,East York,M4B 3H6,43.714608,-79.309483,Emergency: 911 | City: 311 | Social Services: 211,,X @TorontoPolice | Facebook @TorontoPoliceService | Instagram @Torontopolice,https://www.tps.ca/,"Toronto Police Service, 55 Division (101 Coxwell Ave, 416-808-5500) — the division serving the east end including the Thorncliffe/Flemingdon area; provides community policing, non-emergency reporting, and victim support. Note: 54 and 55 Divisions are planned to amalgamate into a new consolidated station at 1627 Danforth Ave (former TTC Danforth garage). (tps.ca homepage would not load; details from TPS documents and listings via search.)",Call 911 for emergencies. 55 Division can be reached at 416-808-5500.
Support & Emergency Services,Fire Station,Fire Station 322,256 Cosburn Ave,East York,M4C 2E9,43.690963,-79.34233,Emergency: 911,,X @Toronto_Fire | Facebook @TorontoFireServices | Instagram @Torontofireservices,https://www.toronto.ca/city-government/accountability-operations-customer-service/city-administration/staff-directory-divisions-and-customer-service/fire-services/,"Toronto Fire Services stations providing 24/7 fire protection and emergency rescue for the area: Station 321 (231 McRae Dr), Station 235 (200 Bermondsey Rd), Station 322 (256 Cosburn Ave), Station 224 (1313 Woodbine Ave). Non-emergency line: 416-338-9050. (Official page would not load; station addresses from Toronto Fire Services listings via search.)","911 emergency response: fire suppression, rescue, and medical first response. Call 911 in an emergency."
Support & Emergency Services,Fire Station,Fire Station 321,231 McRae Drive,East York,M4G 1T6,43.708778,-79.364644,Emergency: 911,,X @Toronto_Fire | Facebook @TorontoFireServices | Instagram @Torontofireservices,https://www.toronto.ca/city-government/accountability-operations-customer-service/city-administration/staff-directory-divisions-and-customer-service/fire-services/,"Toronto Fire Services stations providing 24/7 fire protection and emergency rescue for the area: Station 321 (231 McRae Dr), Station 235 (200 Bermondsey Rd), Station 322 (256 Cosburn Ave), Station 224 (1313 Woodbine Ave). Non-emergency line: 416-338-9050. (Official page would not load; station addresses from Toronto Fire Services listings via search.)","911 emergency response: fire suppression, rescue, and medical first response. Call 911 in an emergency."
Support & Emergency Services,Fire Station,Fire Station 235,200 Bermondsey Road,North York,M4A 1Y1,43.724243,-79.315049,Emergency: 911,,X @Toronto_Fire | Facebook @TorontoFireServices | Instagram @Torontofireservices,https://www.toronto.ca/city-government/accountability-operations-customer-service/city-administration/staff-directory-divisions-and-customer-service/fire-services/,"Toronto Fire Services stations providing 24/7 fire protection and emergency rescue for the area: Station 321 (231 McRae Dr), Station 235 (200 Bermondsey Rd), Station 322 (256 Cosburn Ave), Station 224 (1313 Woodbine Ave). Non-emergency line: 416-338-9050. (Official page would not load; station addresses from Toronto Fire Services listings via search.)","911 emergency response: fire suppression, rescue, and medical first response. Call 911 in an emergency."
Support & Emergency Services,Fire Station,Fire Station 224,1313 Woodbine Ave,East York,M4C 2E9,43.695427,-79.31654,Emergency: 911,,X @Toronto_Fire | Facebook @TorontoFireServices | Instagram @Torontofireservices,https://www.toronto.ca/city-government/accountability-operations-customer-service/city-administration/staff-directory-divisions-and-customer-service/fire-services/,"Toronto Fire Services stations providing 24/7 fire protection and emergency rescue for the area: Station 321 (231 McRae Dr), Station 235 (200 Bermondsey Rd), Station 322 (256 Cosburn Ave), Station 224 (1313 Woodbine Ave). Non-emergency line: 416-338-9050. (Official page would not load; station addresses from Toronto Fire Services listings via search.)","911 emergency response: fire suppression, rescue, and medical first response. Call 911 in an emergency."
Support & Emergency Services,Fire Station,Fire Station 125,1109 Leslie Street,North York,M3C 2J7,43.721159,-79.349098,Emergency: 911,,X @Toronto_Fire | Facebook @TorontoFireServices | Instagram @Torontofireservices,https://www.toronto.ca/city-government/accountability-operations-customer-service/city-administration/staff-directory-divisions-and-customer-service/fire-services/,"Toronto Fire Services stations providing 24/7 fire protection and emergency rescue for the area: Station 321 (231 McRae Dr), Station 235 (200 Bermondsey Rd), Station 322 (256 Cosburn Ave), Station 224 (1313 Woodbine Ave). Non-emergency line: 416-338-9050. (Official page would not load; station addresses from Toronto Fire Services listings via search.)","911 emergency response: fire suppression, rescue, and medical first response. Call 911 in an emergency."
Non-Profits,Food Collaboratives,The Neighbourhood Organization (TNO),45 Overlea Boulevard,Toronto,M4H 1C3,43.70624,-79.344701,(647)296-0242,fcreception@tno-toronto.org,Instagram @tnofoodcollaborative,https://tno-toronto.org/food-bank,"The TNO Food Collaborative (run by The Neighbourhood Organization) provides free food access to thousands of individuals in the Thorncliffe Park and Flemingdon Park communities, including fresh produce, eggs, and dairy products distributed twice a month, with year-round distribution supported by community partners like Greenwin Cares. Note: the food-bank page itself failed to load; these details come from a Greenwin partnership announcement describing the Food Collaborative's services, so confirm specifics at www.tno-toronto.org or info@tno-toronto.org / 416-424-2900.","Emergency food support for families in need (free food distribution twice monthly). No shelter, cooling centre, or crisis-line services specific to the Food Collaborative were confirmed."
Non-Profits,Food Collaboratives,Flemingdon Food Bank,10 Gateway Boulevard,Toronto,M3C 3A1,43.709834,-79.332614,(416)422-4322,info@fcfoodbank.com,Facebook @Flemingdonfoodbank | Instagram @fcfoodbank,https://www.fcfoodbank.com/,"Community food bank at 10 Gateway Blvd (basement), North York, providing free food and resources to families in need; now a registered charity. The site lists inconsistent hours (Mondays and Wednesdays 11:00am-3:30pm in one place, Mon-Thu 1:30-3:30pm in another) - call 416-422-4322 to confirm before visiting.",Emergency food assistance for families in need is its core service during operating hours; no separate emergency program is listed.
Support & Emergency Services,Shelter,Kennedy House Yourth Services,1076 Pape Avenue,East York,M4K 3W5,43.69092,-79.34965,(416)421-7776,shelter@kennedyhouse.org,,https://kennedyhouse.org/,"Multi-service youth agency (operating since 1971) providing day treatment, job training, and individualized care planning for youth facing challenges at school, at home and in life, including child welfare and youth justice supports.",Operates a youth shelter for youth experiencing homelessness (emergency shelter).
Support & Emergency Services,Shelter,Heyworth House,2714 Danforth Avenue,East York,M4C 1L7,43.68929,-79.29835,(416)863-0499,laetitia.gomez@dixonhall.org,,https://dixonhall.org/housing-services/,"Dixon Hall Housing Services provides shelter and housing supports for people experiencing homelessness or precariously housed: help finding adequate housing, eviction prevention, budgeting, income stabilization, health promotion, and follow-up supports to remain housed. Heyworth House (2714 Danforth Ave) is one of their housing sites. Also runs community food access sites (community meals, food banks, food skills programming).","Provides emergency shelter services, including a 24-hour respite centre (351 Lake Shore Blvd East), plus harm reduction supports for people in shelters and housing programs."
Faith-Based Organizations,Faith-Based Organizations,Saint Edith Stein Church,16 Thorncliffe Park Drive,Toronto,M4H 1H4,43.70436,-79.346899,(416)696-8427,stedithsteinto@archtoronto.org,Facebook @StEdithSteinParish,https://stedithsteinto.archtoronto.org/,"Roman Catholic parish at 16 Thorncliffe Park Drive offering regular Mass, sacraments and parish events. Connects families to summer camp opportunities for children and youth offered across parishes of the Archdiocese of Toronto.",No emergency-specific services listed.
Faith-Based Organizations,Faith-Based Organizations,Masjid Darus Salaam (Islamic Society of Toronto),20 Overlea Boulevard,Toronto,M4H 1A4,43.704758,-79.35147,(416)467-0786,info@islamicsocietyoftoronto.com,X @IST_Team | Facebook @IslamicSocietyofToronto | Instagram @islamicsocietyoftoronto,https://www.islamicsocietyoftoronto.com/,"Masjid Darus Salaam at 20 Overlea Blvd, serving the Muslim community of Thorncliffe Park, Flemingdon Park and beyond since 1995. Offers five daily prayers and Jummah, full-time Hifz and Alim/Alima programs, evening Quran classes (Madrasah), Sunday school, Tafseer and Islamic essentials studies, youth programs, Nikah services and community events.",No emergency-specific services listed.
Faith-Based Organizations,Faith-Based Organizations,Greek Orthodox Church of Saint Demetrios,30 Thorncliffe Park Drive,Toronto,M4H 1H8,43.702787,-79.345167,(416)425-2485,stdemetriostoronto@gmail.com,Instagram @stdemetriostoronto,https://www.greekcommunity.org/st-demetrios-church,"Greek Orthodox parish at 30 Thorncliffe Park Drive (capacity 600+ seated worshipers, ample parking), led by Parish Priest Fr. Apostolos Gkolias (apostolosgkolias@yahoo.com; church phone +1 (416) 425-2485, info@togreekcom.org). Sunday and Feast Day services: Orthros-Matins 8:30–10:00 AM and Divine Liturgy 10:00 AM–12:00 noon; runs Sunday School registration and other church programs.",No emergency-specific services listed.
Faith-Based Organizations,Faith-Based Organizations,Saint Clement of Ohrid Macedonian Orthodox Cathedral,76 Overlea Boulevard,East York,M4H 1C5,43.708488,-79.341004,(416)421-7451,info@stclementofohrid.com,Facebook @stclementofohridcommunity  | Instagram @st.clement_toronto,https://www.stclementofohrid.com/,"Macedonian Orthodox cathedral that has served Toronto's Macedonian community for over 60 years. Holds regular worship services and religious holidays, and hosts educational, cultural and charitable organizations that preserve and promote Macedonian heritage.",No emergency-specific services listed.
Faith-Based Organizations,Faith-Based Organizations,The Church of Jesus Christ of Latter-day Saints,24 Ferrand Drive,North York,M3C 3V4,43.720312,-79.336102,(613)449-6705 & (647)984-8106 (Spanish),,,https://local.churchofjesuschrist.org/en/ca/on/north-york/24-ferrand-drive,"Local congregation of The Church of Jesus Christ of Latter-day Saints at 24 Ferrand Drive, North York. Sunday worship includes a sacrament meeting plus age-group classes for everyone from 18 months old and up; all are welcome to attend.",No emergency-specific services listed.
Faith-Based Organizations,Faith-Based Organizations,Saint John XXIII Parish Church,150 Gateway Boulevard,North York,M3C 3E2,43.714396,-79.331694,(416)429-4000,stjohn23do@archtoronto.org,,https://stjohn23do.archtoronto.org/,"Catholic parish in Don Mills (150 Gateway Blvd) offering daily and weekly Mass, sacraments (baptism, reconciliation, Eucharist, confirmation, marriage, anointing of the sick, funerals), ministries, youth and young adult ministry, volunteer opportunities, and parish community events.",No emergency-specific services listed.
Faith-Based Organizations,Faith-Based Organizations,Flemingdon Park Pentecostal Church,5 Grenoble Drive,North York,M3C 1C3,43.715346,-79.33366,(416)429-1430,fppc@bellnet.ca,Facebook @fppchurch | Instagram @fppchurch,https://fppchurch.ca/about-us/,"Pentecostal church at 5 Grenoble Drive offering worship services and Sunday school, with chapel, lounge and offices for congregational life. Recently celebrated its 50th anniversary (September 2025).",No emergency-specific services listed.
Faith-Based Organizations,Faith-Based Organizations,Darul Khair Islamic Centre,35 St. Dennis Drive,North York,M3C 1G9,43.718372,-79.328826,(416)423-7554,info@darulkhairislamiccenter.com,,https://darulkhairislamiccenter.com/,"Mosque in the Flemingdon Park area (established 2001, holds 250-300 worshippers) offering five daily congregational prayers and Jummah Salah. Provides Islamic education and guidance for children and adults, and welcomes both Muslim and non-Muslim visitors.",No emergency-specific services listed.
Faith-Based Organizations,Faith-Based Organizations,Greek Orthodox Archdiocese of Canada,86 Overlea Boulevard,East York,M4H 1C6,43.708962,-79.339529,(416)429-5757,office@goarchdiocese.ca,Facebook @gometropolis,https://goarchdiocese.ca/,"The Greek Orthodox Archdiocese of Canada (1 Patriarch Bartholomew Way / 86 Overlea Boulevard, Toronto, 416-429-5757) is the national administrative body of the Greek Orthodox Church in Canada. Its homepage focuses on church news and celebrations, Orthodox catechism and religious education resources, a Divine Liturgy booklet, prayer book, and an Orthodox icons library — ecclesiastical and spiritual resources rather than community social services.",No emergency-specific services listed.
Faith-Based Organizations,Faith-Based Organizations,Don Mills Jamat Khanan,80 Overlea Boulevard,East York,M4H 1C5,43.708749,-79.340179,(416)696-7882,,,,"Ismaili community centre and prayer hall (Jamatkhana) at 80 Overlea Boulevard in Thorncliffe Park. Hosts daily congregational prayers and community gatherings for Ismaili Muslims; the building includes a gymnasium, library, teaching spaces, offices and a food drop-off area. (No official website found; details from web search.)",No emergency-specific services listed.
Faith-Based Organizations,Faith-Based Organizations,Chapel in the Park United Church,16 Thorncliffe Park Drive,Toronto,M4H 1H4,43.704083,-79.347393,(416)421-0792,tpadmin@donmills-thorncliffeparkunited.com,Instagram @chapelinthepark,https://chapelinthepark.ca/,"Chapel in the Park United Church is a small multicultural congregation at 16 Thorncliffe Park Drive, Toronto (416-421-0792), serving Thorncliffe Park and Don Mills. It holds Sunday services at 10:00 a.m. in person, via Zoom, and live stream, and invites newcomers to join as a 'faith family.'",Pastoral emergencies: Rev. Dr. Paul Shepherd can be reached at 647-700-7129 for pastoral emergencies or to book a meeting. No other emergency-specific services listed.
Legal & Government Services,Legal Services,Don Valley Community Legal Services,45 Overlea Boulevard,Toronto,M4H 1C3,43.706042,-79.344533,(416)441-1764,,Instagram @donvalleycls,https://www.donvalleylegal.ca/,"Free legal advice and representation for low-income people in the catchment area (Lake Ontario to York Mills/401, Yonge/Don River to Victoria Park Ave), in four areas: housing law (eviction prevention, illegal lockouts, tenant rights), employment law (employment standards, wrongful dismissal, severance, EI), immigration law (PR applications, work permits, citizenship) and income supports (ODSP, OW, CPP, OAS, GIS, Canada Disability Benefit); also public legal education and limited document services (affidavits, notarial true copies). Intake Line: 416-441-1764 ext. 1, Mon–Thu 9:00 AM–12:30 PM (voicemail with 1–3 business day callback; no walk-ins; in-person intake by booked appointment Mon/Wed 1:30–4:30 PM).",No emergency-specific services listed.
Legal & Government Services,Government Documentation,ServiceOntario,945 Eglinton Avenue East,Toronto,M4G 4B5,43.714115,-79.358284,,,,https://www.ontario.ca/locations/serviceontario/brentcliffe-and-eglinton-toronto,"Provincial government services office at 945 Eglinton Avenue East (inside Staples). Issues driver's licences, vehicle registration and plates, Ontario health cards and birth certificates. Open Monday to Friday 9:00 AM to 9:00 PM and Saturday 9:00 AM to 5:00 PM.",No emergency-specific services listed.
Schools & Child Services,Schools,Fraser Mustard Early Learning Academy,82 Thorncliffe Park Drive,East York,M4H 0A2,43.705176,-79.34418,(416)396-3050,,,https://schoolweb.tdsb.on.ca/frasermustard/Main/portalid/971,"TDSB early learning academy at 82 Thorncliffe Park Dr for young children, with structured daily routines for arrival, lunch and dismissal. Parents report absences through the Safe Arrival number (1-833-250-2290).",No emergency-specific services listed beyond the school's Safe Arrival absence-reporting line.
Schools & Child Services,Schools,Gateway Public School,55 Gateway Boulevard,North York,M3C 1B4,43.711931,-79.330643,(416)397-2970,Gateway@tdsb.on.ca,X @TDSBGatewayPS,https://schoolweb.tdsb.on.ca/gateway,"Gateway Public School is a TDSB elementary school serving Junior Kindergarten to Grade 6 (approx. 950 students) in Flemingdon Park, at 55 Gateway Blvd, North York. The school emphasizes an inclusive, multicultural learning environment with high expectations for achievement and conduct; no French immersion, ESL, or special education programs were listed on the homepage text fetched.",No emergency-specific services listed.
Schools & Child Services,Schools,Grenoble Public School,9 Grenoble Drive,North York,M3C 1C3,43.715678,-79.332993,(416)397-2900,Grenoble@tdsb.on.ca,X @TDSB_Grenoble,https://schoolweb.tdsb.on.ca/grenoble,TDSB elementary school at 9 Grenoble Drive serving over 960 students from Kindergarten to Grade 6 (about 93% of families have immigrated to Canada; 73+ languages spoken). No special programs such as French Immersion are mentioned on the school's homepage.,No emergency-specific services listed.
Schools & Child Services,Schools,Marc Garneau Collegiate Institute,135 Overlea Boulevard,North York,M3C 1B3,43.709076,-79.334915,(416)396-2410,MarcGarneau@tdsb.on.ca,X @MarcGarneauCI | Instagram @marcgarneauci,https://schoolweb.tdsb.on.ca/marcgarneau/,"TDSB public high school (grades 9-12) at 135 Overlea Blvd serving Flemingdon Park and Thorncliffe Park (~1800 students). Host school of the TOPS program (Talented Offerings for Programs in the Sciences), a four-year enriched math/science/English program with AP-level courses; also offers SHSM, horticulture, financial securities programs, ESL supports, 90+ student-led clubs and competitive team sports.",No emergency-specific services listed.
Schools & Child Services,Schools,Saint John XXIII Catholic School,175 Grenoble Drive,North York,M3C 3E7,43.712464,-79.329807,(416)393-5348,,,https://www.tcdsb.org/o/stjohnxxiii,"Toronto Catholic District School Board elementary school (JK to Grade 8) at 175 Grenoble Drive in Flemingdon Park, offering ESL, special education and Empower Reading supports plus sports teams. The building also houses Red Apple Daycare (before and after school care), a free EarlyON Child and Family Centre (programs for children birth to age 6 and parents), and a settlement worker office supporting newcomers.",Operates a Safe Arrival Program (staff contact parents if a child is absent without notice); no emergency-specific services listed.
Schools & Child Services,Schools,Thorncliffe Park Public School,80 Thorncliffe Park Drive,East York,M4H 1K3,43.705392,-79.3431,(416)396-2460,ThorncliffePark@tdsb.on.ca,X @TPPS_TDSB,https://schoolweb.tdsb.on.ca/thorncliffepark/,"TDSB public elementary school at 80 Thorncliffe Park Dr, recognized as a Platinum Ecoschool with an active eco club. Provides public education in partnership with students, families and the community.",No emergency-specific services listed.
Schools & Child Services,Schools,Valley Park Middle School,130 Overlea Boulevard,East York,M3C 1B2,43.710384,-79.335393,(416)396-2465,ValleyPark@tdsb.on.ca,X @ ValleyParkMS | Facebook @ValleyParkTDSB | Instagram @vallyparkms,https://schoolweb.tdsb.on.ca/valleypark/,"Valley Park Middle School is a TDSB middle school serving grades 6–8 with about 1,100 students from the Thorncliffe Park and Flemingdon Park communities, at 130 Overlea Blvd, East York. Its focus is a safe, supportive learning environment built on respect, responsibility, and safety; no French immersion, ESL, or special education programs were listed on the homepage text fetched.",No emergency-specific services listed.
Schools & Child Services,Childminding & EarlyON,Flemingdon Park EarlyON Child and Family Centre,150 Grenoble Drive,Toronto,M3C 1E3,43.713522,-79.326573,(416)496-2601,DonValleyEastEarlyON@FamilyDayCare.com,,https://familydaycare.com/programs/earlyon-centre-support-families/,"Free EarlyON Child and Family Centre programs run by Family Day for parents and caregivers with young children, supporting early learning, child development and positive parent-child interaction through indoor, outdoor and virtual programming. The Flemingdon Park centre is at 150 Grenoble Drive (Don Mills/Overlea); the same page also lists a Grenoble EarlyON site.",No emergency-specific services listed.
Schools & Child Services,Childminding & EarlyON,Flemingdon Early Learning & Child Care Centre,29 St. Dennis Drive,Toronto,M3C 3J3,43.717771,-79.332026,(416)392-3170,,,https://www.toronto.ca/data/children/dmc/webreg/gcreg1869.html,"Flemingdon Early Learning & Child Care Centre (29 St Dennis Dr, Don Mills/Eglinton; contact Latoya Wilson-Rose, 416-392-3170) is a public, licensed City of Toronto child care centre serving children 0 to 4 years, located in the Dennis R. Timbrell Resource Centre. It participates in the Canada-Wide Early Learning and Child Care (CWELCC) system with fee subsidies available; staff speak 9 languages including Arabic, Bengali, French, Hindi, and Persian, and meals are catered with halal, pork-free, peanut-free, vegan, and vegetarian options available.",No emergency-specific services listed.
Schools & Child Services,Childminding & EarlyON,Fraser Mustard EarlyON Child and Family Centre,82 Thorncliffe Park Drive,East York,M4H 0A2,43.705112,-79.344142,(416)394-2104,,Instagram @earlyon_operated_by_tdsb,https://www.tdsb.on.ca/Find-your/Schools/School-PFLC/schno/1999,"The Fraser Mustard EarlyON Child and Family Centre (at Fraser Mustard Early Learning Academy, 82 Thorncliffe Park Dr, East York; 416-394-2104) is a free drop-in program for parents and caregivers with children from infants to 6 years, running Mon–Thu 8:45am–1:45pm. Children can play, explore, learn, and enjoy a nutritious snack while parents connect with other families and get information about community programs and services, supported by a qualified early-years professional; no pre-registration required.",No emergency-specific services listed.
Schools & Child Services,Childminding & EarlyON,Grenoble EarlyON Child and Family Centre,9 Grenoble Drive,North York,M3C 1C3,43.715567,-79.333065,(416)394-2104,,,https://familydaycare.com/programs/earlyon-centre-support-families/,"Free EarlyON Child and Family Centre programs run by Family Day for parents and caregivers with young children, supporting early learning, child development and positive parent-child interaction through indoor, outdoor and virtual programming. The Flemingdon Park centre is at 150 Grenoble Drive (Don Mills/Overlea); the same page also lists a Grenoble EarlyON site.",No emergency-specific services listed.
Schools & Child Services,Childminding & EarlyON,Saint John XXIII EarlyON Child and Family Centre,175 Grenoble Drive,Toronto,M3C 3E7,43.712485,-79.329924,(416)393-5348,lakshmi@hariharan@tcdsb.org,,https://www.tcdsb.org/o/earlyyears/documents/early-on-child-and-family-centre/locations/364647,"Free TCDSB-run EarlyON Child and Family Centre at 175 Grenoble Dr offering drop-in play and learning programs for children ages 0-6 with their parents/caregivers (parent participation required, no registration needed). Per TCDSB schedules, St. John XXIII runs Monday-Thursday 8:45am-12:45pm and Friday 8:45am-12:45pm. (Official page would not load; details from TCDSB schedule documents and childcare directories via search.)",No emergency-specific services listed.
Schools & Child Services,Childminding & EarlyON,Red Apple Day Care Overlea,135 Overlea Boulevard,East York,M3C 1B3,43.709332,-79.335029,(416)429-5437,overlea@redappledaycare.com,Instagram @redapple_daycareto,https://redappledaycare.com/,"Licensed childcare centres in the neighbourhood offering infant, toddler, preschool, and before/after-school programs with play-based, inquiry-driven learning, nutritious meals (accommodating allergies and cultural/religious diets), and secure entry systems. Locations: 175 Grenoble Dr (Grenoble) and 135 Overlea Blvd (Overlea).",Notes routine safety drills and secure entry; no emergency-specific community services listed.
Schools & Child Services,Childminding & EarlyON,Red Apple Day Care Grenoble,175 Grenoble Drive,East York,M3C 3E7,43.712423,-79.329789,(416)429-6662,grenoble@redappledaycare.com,Instagram @redapple_daycareto,https://redappledaycare.com/,"Licensed childcare centres in the neighbourhood offering infant, toddler, preschool, and before/after-school programs with play-based, inquiry-driven learning, nutritious meals (accommodating allergies and cultural/religious diets), and secure entry systems. Locations: 175 Grenoble Dr (Grenoble) and 135 Overlea Blvd (Overlea).",Notes routine safety drills and secure entry; no emergency-specific community services listed.
Schools & Child Services,Childminding & EarlyON,TNO EarlyON Child and Family Services,45 Overlea Boulevard,Toronto,M4H 1C3,43.70624,-79.344701,(416)421-8997,WHernandez@tno-toronto.org,,https://tno-toronto.org/services/earlyon-child-family-centre,"Free EarlyON Child and Family Centre for City of Toronto residents with children ages 0-6 and their parents/caregivers: child development support programs, parent support services, school readiness programs, language-delay support, and special needs services with individual case management. Main location: TNO-Thorncliffe Park Community Hub, 45 Overlea Blvd Unit 200 (Mon-Fri 9am-5pm); Friday gym playtime at Jenner Jean Marie Community Centre, 48 Thorncliffe Park Dr. (Official page would not load; details from tno-toronto.org page via search.)",No emergency-specific services listed.
Schools & Child Services,Childminding & EarlyON,Leaside Day Care Centre,206 Laird Drive,Toronto,M4G 3W4,43.711073,-79.364056,(416)487-5862,info@leasidedaycare.com,,https://www.leasidedaycare.com/,"Licensed childcare with three sites: 206 Laird Dr (infants, toddlers, preschool, year-round), 31 Rolph Rd at Rolph Road School (preschool, kindergarten, school-age; before/after-school Kids Club for JK-Grade 6 with homework help, snacks, plus full-day PD day/Christmas/March break coverage), and 182 Bessborough Dr at St. Anselm School (kindergarten, school-age). Also runs a July-August summer camp (music, dance, sports, swimming, arts & crafts). Participates in CWELCC fee reduction. (Details from leasidedaycare.com pages via search; homepage would not load directly.)",Parent handbook notes an Emergency Management Policy available on request from supervisors; no public emergency-specific community services listed.
Schools & Child Services,Childminding & EarlyON,Champions Children's Centre,9 Grenoble Drive,North York,M3C 1C3,43.715601,-79.333299,(416)467-5983,championschildrens@bellnet.ca,Instagram @champion_kids,https://www.championschildrenscentre.ca/,"Licensed childcare at 9 Grenoble Dr (Flemingdon Park) for toddler, preschool, kindergarten and school-age children, with CWELCC reduced fees and subsidy available. Care offered in English, Spanish, Gujarati and Ukrainian; catered meals with halal and vegetarian options. (Official site would not load; details from childcare directory listings.)",No emergency-specific services listed.
Schools & Child Services,Childminding & EarlyON,Pride in Heritage Children's Centre,55 Gateway Boulevard,Toronto,M3C 1B4,43.711914,-79.330696,(416)467-5981,rritchie@pihcc.com and drahim@pihcc.com,,https://www.pihcc.com/,"Pride In Heritage Children's Centre is a non-profit, community-based multicultural child care centre located inside Gateway Public School at 55 Gateway Blvd, Toronto (416-467-5981). It offers inclusive, bias-free child care in a safe, nurturing environment, run by a volunteer Board of Directors; it treats all individuals with dignity regardless of background.",No emergency-specific services listed.
Schools & Child Services,Childminding & EarlyON,Thorncliffe Park Day Care Centre,48 Thorncliffe Park Drive,East York,M4H 1J7,43.703003,-79.342889,(416)423-0880,,,https://thorncliffeparkdaycare.ca/,"Thorncliffe Park Day Care Centre has served families since 1969 with play-based educational programs for children from infancy through 12 years old, including school-age programs, following the 'How Does Learning Happen' framework. Staff speak 11 languages (including Urdu, Farsi, Punjabi, Bengali, Amharic, Tagalog, Turkish), meals are provided through the Real Food For Real Kids catering, and the centre participates in CWELCC with fee subsidy information available.",No emergency-specific services listed.
Health & Wellness,Dental Clinics,Toronto Public Health Dental,45 Overlea Boulevard,Toronto,M4H 1C3,43.706163,-79.344608,(416)392-0907,,Facebook @torontopublichealth,https://www.toronto.ca/community-people/health-wellness-care/health-programs-advice/dental-and-oral-health-services/dental-clinics/,"Toronto Public Health dental clinics provide free basic dental care (examinations, x-rays, fillings, cleanings, some root canals, extractions, dentures) for eligible children and youth aged 0-17, low-income seniors 65+, and clients of select public health programs who live in Toronto and cannot afford a private dentist. Eligibility is assessed in person at a clinic; a mobile dental clinic also serves clients with difficulty accessing care.",Provides emergency and urgent dental care for issues such as dental pain and cavities.
Health & Wellness,Midwives Clinic,The Midwives Clinic of East York,45 Overlea Boulevard,Toronto,M4H 1C3,43.706219,-79.344847,(416)424-1976,themidwivesclinic@gmail.com,Facebook @themidwivesclinic | Instagram @themidwivesclinic,https://www.themidwivesclinic.ca/,"Midwifery clinic (East York/Don Mills) providing free, Ministry of Health-funded care through pregnancy, labour and birth, and for parent and baby through 6 weeks postpartum. Births are attended at home, the Toronto Birth Centre or Michael Garron Hospital; midwives are on call 24/7 for urgent concerns, and complications are referred to obstetricians, pediatricians and lactation consultants. Multilingual staff (English, Arabic, French, Spanish, Farsi, Dari and others) and prenatal classes including Newborn 101.",Midwives are on call 24/7 for urgent pregnancy and labour concerns; no separate emergency program is listed.
Health & Wellness,Health Clinics,Flemingdon Health Centre,10 Gateway Boulevard,Toronto,M3C 3A1,43.70993,-79.332504,(416)429-4991,info@fhc-chc.com,X @fhc_chc | Facebook @flemingdonhealthcentre | Instagram @fhc_chc,https://www.fhc-chc.com/,"Non-profit community health centre (operating since 1975) at 10 Gateway Blvd offering free primary care from doctors and nurse practitioners for residents in its catchment area — no OHIP card or medical referral required. Also offers individual and family counselling/mental health services, chronic disease prevention and management (diabetes, lung and heart health), dietitians, chiropody (foot care), nutrition counselling, a sexual health clinic (with Toronto Public Health), prenatal programs, and health promotion programs (exercise, wellness, healthy cooking) for seniors, women, youth and newcomers. (Details from fhc-chc.com pages via search; homepage would not load directly.)","Provides free, confidential 24-hour on-call assistance from staff physicians (416-429-4991). Explicitly states it does not offer emergency or walk-in services — call 911 in an emergency."
Health & Wellness,Health Clinics,Closing the Gap,45 Overlea Boulevard,Toronto,M4H 1C3,43.706102,-79.34497,(905)283-3520,GTA.Clinics@closingthegap.ca,Facebook @CTGHealthcare,https://www.closingthegap.ca/,"Home and community health care provider offering in-home and clinic-based services: nursing (RN/RPN), personal support, home support (meal prep, housekeeping, companionship, medication reminders), physiotherapy, occupational therapy, speech-language pathology, social work and dietetics. Nurses are available 24/7 for short- or long-term care needs; also operates nursing and physiotherapy clinics.",Nurses available 24/7 for home care needs; no dedicated emergency service listed (not a 911 or urgent-care provider).
Health & Wellness,Health Clinics,Health Access Thorncliffe Park,45 Overlea Boulevard,Toronto,M4H 1C3,43.706107,-79.344562,(416)421-6369,info@healthaccesstp.org,X @HealthAccessTp | Instagram @healthaccesstpark,https://www.fhc-chc.com/health-access-thorncliffe-park/,"Free comprehensive primary health care for residents of the M4H postal code, no health card or referral needed, with interpretation services. Services include ongoing primary care, a school-based pediatric clinic, foot care for seniors and people with chronic conditions, nutrition counselling, social work and mental health counselling, health education workshops, family support, and referrals to income support, settlement, housing, employment and language programs. Located in the Thorncliffe Park Community Hub, 45 Overlea Blvd, 2nd Floor.",No emergency-specific services listed.
Health & Wellness,Health Clinics,St. Michael's Kidney Care Centre,45 Overlea Boulevard,Toronto,M4H 1C3,43.705939,-79.34464,(416)867-3700,,,https://unityhealth.to/,"unityhealth.to is the homepage for Unity Health Toronto, the parent network of St. Joseph's Health Centre (30 The Queensway, 416-530-6000), St. Michael's Hospital (30 Bond St., 416-360-4000) and Providence Healthcare (3276 St. Clair Ave. E., 416-285-3666). The St. Michael's Kidney Care Centre at 45 Overlea Blvd. (416-867-3700) is a patient-centred community satellite hemodialysis facility with 21 treatment stations, 6 home-dialysis training stations and 5 exam rooms; Unity's Multi-Care Kidney Clinic offers nephrology, nursing, dietitian, pharmacist, social worker and modality-education support to slow kidney disease progression, plus peritoneal and home hemodialysis options. (Kidney-centre specifics from Unity Health program materials found via search; the homepage itself lists only the three network sites.)",St. Michael's Hospital operates an emergency department (30 Bond St.); Unity Health's MyChart and hospital phone lines are listed. No kidney-care-centre-specific emergency services found — in a medical emergency call 911. (Uncertainty noted: homepage did not detail emergency kidney services.)
Health & Wellness,Non-Profits,The Neighbourhood Organization (TNO),45 Overlea Boulevard,Toronto,M4H 1C3,43.70624,-79.344701,(416)421-3054,info@tno-toronto.org,X @TNOtoronto | Facebook @TNOtoronto | Instagram @tnotoronto,https://tno-toronto.org/,"Multi-service settlement agency serving Thorncliffe Park, Flemingdon Park, St. James Town and Taylor Massey. Services include settlement support (needs assessment, orientation to life in Canada/Ontario, citizenship preparation classes, immigration forms help), housing assistance (housing search, subsidized housing applications, rent bank access, energy bill assistance), seniors programs (Integrated Services for Seniors, personal support services), youth programs (e.g., after-school girls' programs), employment services, language training, and violence-against-women counselling. Free; call or drop in. (Official homepage returned minimal content; details from Ontario Health atHome service listings describing TNO's programs.)",Offers crisis intervention and counselling through its violence-against-women program; acts as a Toronto Rent Bank Access Centre and Emergency Energy Fund call centre (416-397-7368).
Health & Wellness,Non-Profits,The Neighbourhood Organization (TNO),10 Gateway Boulevard,Toronto,M3C 3A1,43.709714,-79.332961,(416)421-3054,info@tno-toronto.org,X @TNOtoronto | Facebook @TNOtoronto | Instagram @tnotoronto,https://tno-toronto.org/,"Multi-service settlement agency serving Thorncliffe Park, Flemingdon Park, St. James Town and Taylor Massey. Services include settlement support (needs assessment, orientation to life in Canada/Ontario, citizenship preparation classes, immigration forms help), housing assistance (housing search, subsidized housing applications, rent bank access, energy bill assistance), seniors programs (Integrated Services for Seniors, personal support services), youth programs (e.g., after-school girls' programs), employment services, language training, and violence-against-women counselling. Free; call or drop in. (Official homepage returned minimal content; details from Ontario Health atHome service listings describing TNO's programs.)",Offers crisis intervention and counselling through its violence-against-women program; acts as a Toronto Rent Bank Access Centre and Emergency Energy Fund call centre (416-397-7368).
Health & Wellness,Non-Profits,Thorncliffe Park Youth Wellness Hub (YWHO),45 Overlea Boulevard,Toronto,M4H 1C3,43.706037,-79.344911,(416)421-8397 (Ext. 5011),atahir@tno-toronto.org,Instagram @thorncliffeyouthhub,https://youthhubs.ca/site/thorncliffe-park-youth-wellness-hub,"Free, confidential walk-in-style hub for youth aged 12–25 in Thorncliffe Park and Flemingdon Park (launched by East Toronto Health Partners, TNO – The Neighbourhood Organization, and Youth Wellness Hubs Ontario; no health card, family doctor or referral needed). Services: wellness counselling, substance use support, primary care, care navigation, peer support, employment services, trades training, food bank, housing and settlement help, education, recreation/social programs, leadership development and volunteer opportunities.","The hub's page features an 'In crisis? Click here' link and lists local crisis supports: Kids Help Phone 1-800-668-6868, Talk Suicide Canada 1-833-456-4566, Distress Centres of Greater Toronto 416-408-4357, Gerstein Crisis Centre 416-929-5200, Anishnawbe Health Toronto Mental Health Crisis Management Service 1-855-242-3310, Naseeha Mental Health Hotline 1-866-627-3342, Youthdale Treatment Centres Crisis & Mobile Support Team 416-363-9990, Scarborough Health Network Community Crisis Line 416-495-2891, Assaulted Women's Helpline 416-863-0511, Toronto Rape Crisis Centre 416-597-8808, and Michael Garron Hospital Emergency Department (825 Coxwell Ave.)."
Health & Wellness,Non-Profits,Afghan Women's Organization Refugee and Immigrant Services,45 Overlea Boulevard,Toronto,M4H 1C3,43.705804,-79.346025,(647)438-8145,receptionhd@afghanwomen.org,Facebook @afghanwomengreatertoronto | Instagram @afghanwomensorg,https://afghanwomen.org/,"Free settlement services for refugees and immigrants, with a special focus on women and families: women-only LINC English classes, translation and interpretation services, employment support, basic and advanced computer classes, English conversation circles, sewing club, youth drop-in, and low-impact exercise. All programs are free, offered onsite and online (call for an appointment).",Offers crisis counselling (their impact page reports 207 clients received it). No 911-style emergency response listed.
Public Spaces,Community Centres,Jenner Jean-Marie Community Centre,48 Thorncliffe Park Drive,Toronto,M4H 1J7,43.70284,-79.342614,(416)396-2874,,,https://www.toronto.ca/explore-enjoy/parks-recreation/places-spaces/parks-and-recreation-facilities/location/?id=1076&title=Jenner-Jean-Marie-Community-Recreation-Centre,"City community recreation centre at 48 Thorncliffe Park Drive, co-located with the Thorncliffe library branch. A small (12,000 sq ft) but heavily used neighbourhood hub offering indoor courts, a daycare centre, meeting space, workshops such as mental health and wellbeing sessions, and recreation programs. (Facility page could not be loaded; details from web search.)",No emergency-specific services listed.
Public Spaces,Community Centres,Dennis R. Timbrell Resource and Community Centre,29 St. Dennis Drive,North York,M3C 1E8,43.717914,-79.33203,(416)395-7972,,,https://www.toronto.ca/explore-enjoy/parks-recreation/places-spaces/parks-and-recreation-facilities/location/?id=1056&title=Dennis-R.-Timbrell-Resource-Centre,"City-run community/recreation centre at 29 St Dennis Dr with an indoor pool (swim lessons, leisure swims), fitness facilities, and a library branch, offering registered recreation programs. (The City's facility page would not load; amenities from third-party listings and reviews — confirm current amenities and programs on toronto.ca.)",No emergency-specific role confirmed from available sources.
Public Spaces,Community Centres,Flemingdon Community Centre & Playground Paradise,150 Grenoble Drive,North York,M3C 1E3,43.713665,-79.326481,(416)395-6014,,,https://www.toronto.ca/explore-enjoy/parks-recreation/places-spaces/parks-and-recreation-facilities/location/?id=583&title=Flemingdon-Community-Centre-&-Playground-Paradise,"City community centre at 150 Grenoble Drive in Flemingdon Park with the Playground Paradise indoor playground (drop-in play for children up to age 12, $3 per child, socks required, parent or guardian must accompany). Also has indoor and outdoor playgrounds, a picnic area, splash pad, community garden, multipurpose sports fields, baseball diamonds, and ball hockey and basketball courts. The same address hosts Flemingdon Park EarlyON, offering free drop-in early-childhood and family programs.",No emergency-specific services listed.
Public Spaces,Community Centres,Angela James Arena & Tennis Courts,165 Grenoble Drive,North York,M3C 3E7,43.713172,-79.327648,(416)395-7838,,,https://www.toronto.ca/explore-enjoy/parks-recreation/places-spaces/parks-and-recreation-facilities/location/?id=582&title=Angela-James-Arena-&-Tennis-Courts,"City arena at 165 Grenoble Dr (renamed in 2009 for Canadian hockey star Angela James) for ice skating and hockey programs, plus adjacent public tennis courts. Note: the City announced plans (2026) to build a new Flemingdon fire hall at 165 Grenoble Dr, which would remove two of the four tennis courts — status uncertain. (Facility page would not load; details from City documents and news reports via search.)",No emergency-specific services listed.
Public Spaces,Community Centres,Thorncliffe Park Youth Wellness Hub (YWHO),45 Overlea Boulevard,Toronto,M4H 1C3,43.706037,-79.344911,(416)421-8397 (Ext. 5011),atahir@tno-toronto.org,Instagram @thorncliffeyouthhub,https://youthhubs.ca/site/thorncliffe-park-youth-wellness-hub,"Free, confidential walk-in-style hub for youth aged 12–25 in Thorncliffe Park and Flemingdon Park (launched by East Toronto Health Partners, TNO – The Neighbourhood Organization, and Youth Wellness Hubs Ontario; no health card, family doctor or referral needed). Services: wellness counselling, substance use support, primary care, care navigation, peer support, employment services, trades training, food bank, housing and settlement help, education, recreation/social programs, leadership development and volunteer opportunities.","The hub's page features an 'In crisis? Click here' link and lists local crisis supports: Kids Help Phone 1-800-668-6868, Talk Suicide Canada 1-833-456-4566, Distress Centres of Greater Toronto 416-408-4357, Gerstein Crisis Centre 416-929-5200, Anishnawbe Health Toronto Mental Health Crisis Management Service 1-855-242-3310, Naseeha Mental Health Hotline 1-866-627-3342, Youthdale Treatment Centres Crisis & Mobile Support Team 416-363-9990, Scarborough Health Network Community Crisis Line 416-495-2891, Assaulted Women's Helpline 416-863-0511, Toronto Rape Crisis Centre 416-597-8808, and Michael Garron Hospital Emergency Department (825 Coxwell Ave.)."
Public Spaces,Community Centres,Thorncliffe Park Community Hub,45 Overlea Boulevard,Toronto,M4H 1C3,43.706037,-79.344826,(416)421-8997,info@thorncliffehub.org,Instagram @tpch_to,https://thorncliffehub.org/,"Multi-service community hub at 45 Overlea Blvd, 2nd Floor (inside East York Town Centre), open Monday to Sunday 8:00 AM to 8:00 PM. One-stop space where residents access health and social services, programs and community spaces from partner organizations.",No emergency-specific services listed.
Public Spaces,Community Centres,East York Town Centre,45 Overlea Boulevard,Toronto,M4H 1C3,43.705802,-79.345959,(416)421-9504,,Instagram @eytcshops,https://eastyorkshops.com/,"Neighbourhood shopping mall at 45 Overlea Blvd with retail stores, restaurants and everyday services (grocery, bank, pharmacy/lab, fitness, hair salon). Also houses community service tenants such as the Afghan Women's Organization, Don Valley Community Legal Services and Health Access Thorncliffe Park.",No emergency-specific services listed.
Public Spaces,Public Washrooms,Dennis R. Timbrell Resource and Community Centre,29 St. Dennis Drive,North York,M3C 1E8,43.718004,-79.332063,,,,https://www.toronto.ca/explore-enjoy/parks-recreation/places-spaces/parks-and-recreation-facilities/location/?id=1056&title=Dennis-R.-Timbrell-Resource-Centre,"City-run community/recreation centre at 29 St Dennis Dr with an indoor pool (swim lessons, leisure swims), fitness facilities, and a library branch, offering registered recreation programs. (The City's facility page would not load; amenities from third-party listings and reviews — confirm current amenities and programs on toronto.ca.)",No emergency-specific role confirmed from available sources.
Public Spaces,Public Washrooms,E.T. Seton Park,73 Thorncliffe Park Drive,East York,M4H 1L4,43.7094412,-79.3374002,,,,https://www.toronto.ca/explore-enjoy/parks-recreation/places-spaces/parks-and-recreation-facilities/location/?id=1061&title=E.T.-Seton-Park,"Large public ravine park at 73 Thorncliffe Park Drive, along the Don River between Thorncliffe Park, Flemingdon Park and the former Ontario Science Centre. Amenities: 18-hole disc golf course (est. 2011, free), archery range (one of only two public ranges in Canada, free but unsupervised), jogging/cycling paths, Nordic skiing and equestrian trails, picnic shelters/areas, fire pits, basketball courts, washrooms and drinking water fountains (water and washrooms closed in winter).",No emergency-specific services listed. (The toronto.ca facility page itself failed to render; details confirmed via official City/wikipedia sources. No cooling-centre or reception-centre role found for this park.)
Public Spaces,Public Washrooms,Flemingdon Community Centre & Playground Paradise,150 Grenoble Drive,North York,M3C 1E3,43.7135548,-79.3263608,,,,https://www.toronto.ca/explore-enjoy/parks-recreation/places-spaces/parks-and-recreation-facilities/location/?id=583&title=Flemingdon-Community-Centre-&-Playground-Paradise ,"City community centre at 150 Grenoble Drive in Flemingdon Park with the Playground Paradise indoor playground (drop-in play for children up to age 12, $3 per child, socks required, parent or guardian must accompany). Also has indoor and outdoor playgrounds, a picnic area, splash pad, community garden, multipurpose sports fields, baseball diamonds, and ball hockey and basketball courts. The same address hosts Flemingdon Park EarlyON, offering free drop-in early-childhood and family programs.",No emergency-specific services listed.
Public Spaces,Public Washrooms,Jenner Jean-Marie Community Centre,48 Thorncliffe Park Drive,Toronto,M4H 1J7,43.70295,-79.34274,,,,https://www.toronto.ca/explore-enjoy/parks-recreation/places-spaces/parks-and-recreation-facilities/location/?id=1076&title=Jenner-Jean-Marie-Community-Recreation-Centre ,"City community recreation centre at 48 Thorncliffe Park Drive, co-located with the Thorncliffe library branch. A small (12,000 sq ft) but heavily used neighbourhood hub offering indoor courts, a daycare centre, meeting space, workshops such as mental health and wellbeing sessions, and recreation programs. (Facility page could not be loaded; details from web search.)",No emergency-specific services listed.
Public Spaces,Public Washrooms,Leaside Outdoor Pool,5 Leaside Park Drive,Toronto,M4H 1R1,43.7023554,-79.3497306,,,,https://www.toronto.ca/data/parks/prd/facilities/complex/425/index.html,"City of Toronto outdoor public swimming pool at 5 Leaside Park Drive (in Leaside Park), open seasonally in summer for recreational and lane swimming. Listed as wheelchair accessible with accessible change rooms, level entry to the pool deck and Wheel-Trans drop-off at the Leaside Park Drive lot. (Facility page could not be loaded; details from web search.)",No emergency-specific services listed.
Public Spaces,Libraries,Thorncliffe Library,48 Thorncliffe Park Drive,Toronto,M4H 1J7,43.702952,-79.342523,(416)396-3865,,,https://tpl.ca/locations/TH/,"Toronto Public Library branch at 48 Thorncliffe Park Drive. Offers book borrowing, free Wi-Fi, public computers with Microsoft Office, print/copy/scan, a KidsStop early literacy centre, Youth Hub, Leading to Reading one-to-one children's reading help, a Newcomer Information Service, a Financial Empowerment Service, a bookable meeting room and quiet study space.",No emergency-specific services listed.
Public Spaces,Libraries,Flemingdon Park Library,29 St. Dennis Drive,Toronto,M3C 3J3,43.718016,-79.33176,(416)395-5820,,Facebook @flemingdonparklibrary,https://tpl.ca/locations/fp/,"Toronto Public Library branch at 29 St. Dennis Drive: book borrowing, public computers, children's programs, Leading to Reading literacy program for kids, and the free Financial Empowerment Service (tax filing, benefits applications, budgeting help — also offered at Thorncliffe branch). Listed hours: Mon-Fri 9am-8:30pm, Sat 9am-5pm, Sun 12-5pm. Note: the branch closed Dec 1, 2025 for a refresh project with reopening expected early Q3 2026; current hours listing suggests it has reopened, but verify before visiting. (Details from tpl.ca pages via search; location page would not load directly.)",No emergency-specific services listed.
Public Spaces,Water Fountains,R.V. Burgess Park - Drinking Fountain,46 Thorncliffe Park Drive,Toronto,M4H 1J7,43.703538,-79.343406,,,,https://www.toronto.ca/explore-enjoy/parks-recreation/places-spaces/parks-and-recreation-facilities/location/?id=423,"The toronto.ca page is specifically for the Drinking Fountain facility within R.V. Burgess Park (46 Thorncliffe Park Dr, near Thorncliffe Park Dr and Overlea Blvd). The fountain is listed as an official amenity of this 1.5-hectare neighbourhood park, which also has a splash pad, two playgrounds, a community garden, sheltered picnic area and Canada's first public tandoor oven, plus drinking water facilities noted by visitors. (Uncertainty: the id=423 facility page failed to render, so the fountain's exact on-site location, seasonal operation and accessibility features are unconfirmed — City guidance says to call 311 or the facility before a visit.)","Public drinking-water access point, relevant during extreme heat events. No emergency-specific services listed."
Public Spaces,Water Fountains,Linkwood Lane Park - Bottle Filling Station,10 Linkwood Lane,Toronto,,43.715851,-79.3245161,,,,https://www.toronto.ca/explore-enjoy/parks-recreation/places-spaces/parks-and-recreation-facilities/location/?id=2443,Neighbourhood park featuring a bottle filling station providing free drinking water refills. (Search results did not return park-specific amenity details beyond the bottle filling station.),"Public drinking-water access point, relevant during extreme heat events. No emergency-specific services listed."
Public Spaces,Water Fountains,Leonard Linton Park - Bottle Filling Station,60 Research Road,East York,M4G 2G8,43.7133357,-79.3540509,,,,https://www.toronto.ca/explore-enjoy/parks-recreation/places-spaces/parks-and-recreation-facilities/location/?id=1501,Leonard Linton Park at 135 Vanderhoof Ave; the City's facility listing identifies a water bottle filling station as an on-site amenity. Full amenity list could not be retrieved (facility page would not load).,"Public drinking-water access point, relevant during extreme heat events. No emergency-specific services listed."
Public Spaces,Water Fountains,Leaside Park - Drinking Fountain & Bottle Filling Station,5 Leaside Park Drive,East York,M4H 1R1,43.702341,-79.349632,,,,https://www.toronto.ca/explore-enjoy/parks-recreation/places-spaces/parks-and-recreation-facilities/location/?id=425,"Leaside Park (near Millwood Road and Overlea Boulevard) provides public drinking water through 1 drinking fountain and 2 bottle filling stations. The 3.4-hectare park also has a lit ball diamond, six lit tennis courts, a multipurpose sports field, a children's playground, a community garden, washrooms and the Leaside Outdoor Pool. (Facility page could not be loaded; details from web search of the official toronto.ca park listing.)","Public drinking-water access point, relevant during extreme heat events. No emergency-specific services listed."
Public Spaces,Water Fountains,Flemingdon Park - Drinking Fountain,150 Grenoble Drive,North York,M3C 1E3,43.7141532,-79.3270748,,,,https://www.toronto.ca/explore-enjoy/parks-recreation/places-spaces/parks-and-recreation-facilities/location/?id=585,"The toronto.ca page is specifically for the Drinking Fountain facility within Flemingdon Park (near Don Mills Rd and Eglinton Ave E). The fountain is listed as an official amenity of this 13.3-hectare park, which also has ball diamonds, a ball hockey pad, cricket pitch, multipurpose field, 4 outdoor basketball courts, outdoor tracks, 4 playgrounds (playground updated in 2025), splash pad, community garden, 6 picnic shelters, sport fields and parking lots. (Uncertainty: the id=585 facility page failed to render, so the fountain's exact on-site location, seasonal operation and accessibility features are unconfirmed — City guidance says to call 311 or the facility before a visit.)","Public drinking-water access point, relevant during extreme heat events. No emergency-specific services listed."
Public Spaces,Water Fountains,E.T. Seton Park - Drinking Fountain,73 Thorncliffe Park Drive,East York,M4H 1L4,43.7095596,-79.3375062,,,,https://www.toronto.ca/explore-enjoy/parks-recreation/places-spaces/parks-and-recreation-facilities/location/?id=1061,"Large public park adjoining Thorncliffe Park with an 18-hole disc golf course, a public archery range, jogging and cycling paths, nature trails, picnic shelters and fire pits. The drinking fountain provides free drinking water (seasonal; closed in winter).","Public drinking-water access point, relevant during extreme heat events. No emergency-specific services listed."
Public Spaces,Museums,Aga Khan Museum,77 Wynford Drive,North York,M3C 1K1,43.725161,-79.332174,(416)646-4677,info@agakhanmuseum.org,X @AgaKhanMuseum | Facebook @AgaKhanMuseum | Instagram @agakhanmuseum,https://agakhanmuseum.org/?srsltid=AfmBOooacrb8kF55KEW6PW6WgkSjH02QjJ1iiEDeE4ws5Q68Ag5pT9vy,"Museum with rotating exhibitions, concerts and hands-on workshops (e.g., art workshops, music events). Runs school programs including onsite and virtual field trips, teacher resources and online courses, plus a free online content library with podcasts, 3D tours and artist talks.",No emergency-specific services listed.
Public Spaces,Museums,Japanese Canadian Cultural Centre,6 Sakura Way,North York,M3C 1Z5,43.726323,-79.33527,(416)441-2345 (Ext. 222),jccc@jccc.on.ca,X @JapaneseCanadianCulturalCentre | Facebook @JapaneseCanadianCulturalCentre | Instagram @Japanesecanadianculturalcentre,https://jccc.on.ca/,"Japanese cultural centre at 6 Sakura Way, open to everyone, offering cultural classes (ikebana flower arranging, chado tea ceremony, shodo calligraphy, sumi-e painting, taiko drumming, koto), martial arts (judo, karate, kendo, aikido, kyudo, iaido, naginata, jodo), Japanese language classes for adults, clubs (karaoke, hula, dance, seniors' club, ping pong), seasonal festivals, the Toronto Japanese Film Festival, exhibitions, and the Moriyama Nikkei Heritage Centre. (Official homepage would not load; details from jccc.on.ca program pages via search.)",No emergency-specific services listed.
Community Resilience,Cooling Spaces,Thorncliffe Park Community Hub,45 Overlea Boulevard,Toronto,M4H 1C3,43.706037,-79.344826,(416)421-8997,info@thorncliffehub.org,Instagram @tpch_to,https://thorncliffehub.org/,"Multi-service community hub at 45 Overlea Blvd, 2nd Floor (inside East York Town Centre), open Monday to Sunday 8:00 AM to 8:00 PM. One-stop space where residents access health and social services, programs and community spaces from partner organizations.",Designated cooling space: provides air-conditioned indoor relief during extreme heat warnings/alerts. No emergency-specific services listed.
Community Resilience,Cooling Spaces,East York Town Centre,45 Overlea Boulevard,Toronto,M4H 1C3,43.705802,-79.345959,(416)421-9504,,Instagram @eytcshops,https://eastyorkshops.com/,"Neighbourhood shopping mall at 45 Overlea Blvd with retail stores, restaurants and everyday services (grocery, bank, pharmacy/lab, fitness, hair salon). Also houses community service tenants such as the Afghan Women's Organization, Don Valley Community Legal Services and Health Access Thorncliffe Park.",Designated cooling space: provides air-conditioned indoor relief during extreme heat warnings/alerts. No emergency-specific services listed.
Community Resilience,Cooling Spaces,Thorncliffe Park Youth Wellness Hub (YWHO),45 Overlea Boulevard,Toronto,M4H 1C3,43.706037,-79.344911,(416)421-8397 (Ext. 5011),atahir@tno-toronto.org,Instagram @thorncliffeyouthhub,https://youthhubs.ca/site/thorncliffe-park-youth-wellness-hub,"Free, confidential walk-in-style hub for youth aged 12–25 in Thorncliffe Park and Flemingdon Park (launched by East Toronto Health Partners, TNO – The Neighbourhood Organization, and Youth Wellness Hubs Ontario; no health card, family doctor or referral needed). Services: wellness counselling, substance use support, primary care, care navigation, peer support, employment services, trades training, food bank, housing and settlement help, education, recreation/social programs, leadership development and volunteer opportunities.","Designated cooling space: provides air-conditioned indoor relief during extreme heat warnings/alerts. The hub's page features an 'In crisis? Click here' link and lists local crisis supports: Kids Help Phone 1-800-668-6868, Talk Suicide Canada 1-833-456-4566, Distress Centres of Greater Toronto 416-408-4357, Gerstein Crisis Centre 416-929-5200, Anishnawbe Health Toronto Mental Health Crisis Management Service 1-855-242-3310, Naseeha Mental Health Hotline 1-866-627-3342, Youthdale Treatment Centres Crisis & Mobile Support Team 416-363-9990, Scarborough Health Network Community Crisis Line 416-495-2891, Assaulted Women's Helpline 416-863-0511, Toronto Rape Crisis Centre 416-597-8808, and Michael Garron Hospital Emergency Department (825 Coxwell Ave.)."
Community Resilience,Cooling Spaces,Thorncliffe Library,48 Thorncliffe Park Drive,Toronto,M4H 1J7,43.702952,-79.342523,(416)396-3865,,,https://tpl.ca/locations/TH/,"Toronto Public Library branch at 48 Thorncliffe Park Drive. Offers book borrowing, free Wi-Fi, public computers with Microsoft Office, print/copy/scan, a KidsStop early literacy centre, Youth Hub, Leading to Reading one-to-one children's reading help, a Newcomer Information Service, a Financial Empowerment Service, a bookable meeting room and quiet study space.",Designated cooling space: provides air-conditioned indoor relief during extreme heat warnings/alerts. No emergency-specific services listed.
Community Resilience,Cooling Spaces,Flemingdon Park Library,29 St. Dennis Drive,Toronto,M3C 3J3,43.718016,-79.33176,(416)395-5820,,Facebook @flemingdonparklibrary,https://tpl.ca/locations/fp/,"Toronto Public Library branch at 29 St. Dennis Drive: book borrowing, public computers, children's programs, Leading to Reading literacy program for kids, and the free Financial Empowerment Service (tax filing, benefits applications, budgeting help — also offered at Thorncliffe branch). Listed hours: Mon-Fri 9am-8:30pm, Sat 9am-5pm, Sun 12-5pm. Note: the branch closed Dec 1, 2025 for a refresh project with reopening expected early Q3 2026; current hours listing suggests it has reopened, but verify before visiting. (Details from tpl.ca pages via search; location page would not load directly.)",Designated cooling space: provides air-conditioned indoor relief during extreme heat warnings/alerts. No emergency-specific services listed.
Community Resilience,Cooling Spaces,Jenner Jean-Marie Community Centre,48 Thorncliffe Park Drive,Toronto,M4H 1J7,43.70284,-79.342614,(416)396-2874,,,https://www.toronto.ca/explore-enjoy/parks-recreation/places-spaces/parks-and-recreation-facilities/location/?id=1076&title=Jenner-Jean-Marie-Community-Recreation-Centre,"City community recreation centre at 48 Thorncliffe Park Drive, co-located with the Thorncliffe library branch. A small (12,000 sq ft) but heavily used neighbourhood hub offering indoor courts, a daycare centre, meeting space, workshops such as mental health and wellbeing sessions, and recreation programs. (Facility page could not be loaded; details from web search.)",Designated cooling space: provides air-conditioned indoor relief during extreme heat warnings/alerts. No emergency-specific services listed.
Community Resilience,Cooling Spaces,Dennis R. Timbrell Resource and Community Centre,29 St. Dennis Drive,North York,M3C 1E8,43.717914,-79.33203,(416)395-7972,,,https://www.toronto.ca/explore-enjoy/parks-recreation/places-spaces/parks-and-recreation-facilities/location/?id=1056&title=Dennis-R.-Timbrell-Resource-Centre,"City-run community/recreation centre at 29 St Dennis Dr with an indoor pool (swim lessons, leisure swims), fitness facilities, and a library branch, offering registered recreation programs. (The City's facility page would not load; amenities from third-party listings and reviews — confirm current amenities and programs on toronto.ca.)",Designated cooling space: provides air-conditioned indoor relief during extreme heat warnings/alerts. No emergency-specific role confirmed from available sources.
Community Resilience,Cooling Spaces,Flemingdon Community Centre & Playground Paradise,150 Grenoble Drive,North York,M3C 1E3,43.713665,-79.326481,(416)395-6014,,,https://www.toronto.ca/explore-enjoy/parks-recreation/places-spaces/parks-and-recreation-facilities/location/?id=583&title=Flemingdon-Community-Centre-&-Playground-Paradise,"City community centre at 150 Grenoble Drive in Flemingdon Park with the Playground Paradise indoor playground (drop-in play for children up to age 12, $3 per child, socks required, parent or guardian must accompany). Also has indoor and outdoor playgrounds, a picnic area, splash pad, community garden, multipurpose sports fields, baseball diamonds, and ball hockey and basketball courts. The same address hosts Flemingdon Park EarlyON, offering free drop-in early-childhood and family programs.",Designated cooling space: provides air-conditioned indoor relief during extreme heat warnings/alerts. No emergency-specific services listed.
Community Resilience,Cooling Spaces,Angela James Arena & Tennis Courts,165 Grenoble Drive,North York,M3C 3E7,43.713172,-79.327648,(416)395-7838,,,https://www.toronto.ca/explore-enjoy/parks-recreation/places-spaces/parks-and-recreation-facilities/location/?id=582&title=Angela-James-Arena-&-Tennis-Courts,"City arena at 165 Grenoble Dr (renamed in 2009 for Canadian hockey star Angela James) for ice skating and hockey programs, plus adjacent public tennis courts. Note: the City announced plans (2026) to build a new Flemingdon fire hall at 165 Grenoble Dr, which would remove two of the four tennis courts — status uncertain. (Facility page would not load; details from City documents and news reports via search.)",Designated cooling space: provides air-conditioned indoor relief during extreme heat warnings/alerts. No emergency-specific services listed.
Community Resilience,Water Fountains,R.V. Burgess Park - Drinking Fountain,46 Thorncliffe Park Drive,Toronto,M4H 1J7,43.703538,-79.343406,,,,https://www.toronto.ca/explore-enjoy/parks-recreation/places-spaces/parks-and-recreation-facilities/location/?id=423,"The toronto.ca page is specifically for the Drinking Fountain facility within R.V. Burgess Park (46 Thorncliffe Park Dr, near Thorncliffe Park Dr and Overlea Blvd). The fountain is listed as an official amenity of this 1.5-hectare neighbourhood park, which also has a splash pad, two playgrounds, a community garden, sheltered picnic area and Canada's first public tandoor oven, plus drinking water facilities noted by visitors. (Uncertainty: the id=423 facility page failed to render, so the fountain's exact on-site location, seasonal operation and accessibility features are unconfirmed — City guidance says to call 311 or the facility before a visit.)","Public drinking-water access point, relevant during extreme heat events. No emergency-specific services listed."
Community Resilience,Water Fountains,Linkwood Lane Park - Bottle Filling Station,10 Linkwood Lane,Toronto,,43.715851,-79.3245161,,,,https://www.toronto.ca/explore-enjoy/parks-recreation/places-spaces/parks-and-recreation-facilities/location/?id=2443,Neighbourhood park featuring a bottle filling station providing free drinking water refills. (Search results did not return park-specific amenity details beyond the bottle filling station.),"Public drinking-water access point, relevant during extreme heat events. No emergency-specific services listed."
Community Resilience,Water Fountains,Leonard Linton Park - Bottle Filling Station,60 Research Road,East York,M4G 2G8,43.7133357,-79.3540509,,,,https://www.toronto.ca/explore-enjoy/parks-recreation/places-spaces/parks-and-recreation-facilities/location/?id=1501,Leonard Linton Park at 135 Vanderhoof Ave; the City's facility listing identifies a water bottle filling station as an on-site amenity. Full amenity list could not be retrieved (facility page would not load).,"Public drinking-water access point, relevant during extreme heat events. No emergency-specific services listed."
Community Resilience,Water Fountains,Leaside Park - Drinking Fountain & Bottle Filling Station,5 Leaside Park Drive,East York,M4H 1R1,43.702341,-79.349632,,,,https://www.toronto.ca/explore-enjoy/parks-recreation/places-spaces/parks-and-recreation-facilities/location/?id=425,"Leaside Park (near Millwood Road and Overlea Boulevard) provides public drinking water through 1 drinking fountain and 2 bottle filling stations. The 3.4-hectare park also has a lit ball diamond, six lit tennis courts, a multipurpose sports field, a children's playground, a community garden, washrooms and the Leaside Outdoor Pool. (Facility page could not be loaded; details from web search of the official toronto.ca park listing.)","Public drinking-water access point, relevant during extreme heat events. No emergency-specific services listed."
Community Resilience,Water Fountains,Flemingdon Park - Drinking Fountain,150 Grenoble Drive,North York,M3C 1E3,43.7141532,-79.3270748,,,,https://www.toronto.ca/explore-enjoy/parks-recreation/places-spaces/parks-and-recreation-facilities/location/?id=585,"The toronto.ca page is specifically for the Drinking Fountain facility within Flemingdon Park (near Don Mills Rd and Eglinton Ave E). The fountain is listed as an official amenity of this 13.3-hectare park, which also has ball diamonds, a ball hockey pad, cricket pitch, multipurpose field, 4 outdoor basketball courts, outdoor tracks, 4 playgrounds (playground updated in 2025), splash pad, community garden, 6 picnic shelters, sport fields and parking lots. (Uncertainty: the id=585 facility page failed to render, so the fountain's exact on-site location, seasonal operation and accessibility features are unconfirmed — City guidance says to call 311 or the facility before a visit.)","Public drinking-water access point, relevant during extreme heat events. No emergency-specific services listed."
Community Resilience,Water Fountains,E.T. Seton Park - Drinking Fountain,73 Thorncliffe Park Drive,East York,M4H 1L4,43.7095596,-79.3375062,,,,https://www.toronto.ca/explore-enjoy/parks-recreation/places-spaces/parks-and-recreation-facilities/location/?id=1061,"Large public park adjoining Thorncliffe Park with an 18-hole disc golf course, a public archery range, jogging and cycling paths, nature trails, picnic shelters and fire pits. The drinking fountain provides free drinking water (seasonal; closed in winter).","Public drinking-water access point, relevant during extreme heat events. No emergency-specific services listed."
Community Resilience,Public Washrooms,Dennis R. Timbrell Resource and Community Centre,29 St. Dennis Drive,North York,M3C 1E8,43.718004,-79.332063,,,,https://www.toronto.ca/explore-enjoy/parks-recreation/places-spaces/parks-and-recreation-facilities/location/?id=1056&title=Dennis-R.-Timbrell-Resource-Centre,"City-run community/recreation centre at 29 St Dennis Dr with an indoor pool (swim lessons, leisure swims), fitness facilities, and a library branch, offering registered recreation programs. (The City's facility page would not load; amenities from third-party listings and reviews — confirm current amenities and programs on toronto.ca.)",No emergency-specific role confirmed from available sources.
Community Resilience,Public Washrooms,E.T. Seton Park,73 Thorncliffe Park Drive,East York,M4H 1L4,43.7094412,-79.3374002,,,,https://www.toronto.ca/explore-enjoy/parks-recreation/places-spaces/parks-and-recreation-facilities/location/?id=1061&title=E.T.-Seton-Park,"Large public ravine park at 73 Thorncliffe Park Drive, along the Don River between Thorncliffe Park, Flemingdon Park and the former Ontario Science Centre. Amenities: 18-hole disc golf course (est. 2011, free), archery range (one of only two public ranges in Canada, free but unsupervised), jogging/cycling paths, Nordic skiing and equestrian trails, picnic shelters/areas, fire pits, basketball courts, washrooms and drinking water fountains (water and washrooms closed in winter).",No emergency-specific services listed. (The toronto.ca facility page itself failed to render; details confirmed via official City/wikipedia sources. No cooling-centre or reception-centre role found for this park.)
Community Resilience,Public Washrooms,Flemingdon Community Centre & Playground Paradise,150 Grenoble Drive,North York,M3C 1E3,43.7135548,-79.3263608,,,,https://www.toronto.ca/explore-enjoy/parks-recreation/places-spaces/parks-and-recreation-facilities/location/?id=583&title=Flemingdon-Community-Centre-&-Playground-Paradise ,"City community centre at 150 Grenoble Drive in Flemingdon Park with the Playground Paradise indoor playground (drop-in play for children up to age 12, $3 per child, socks required, parent or guardian must accompany). Also has indoor and outdoor playgrounds, a picnic area, splash pad, community garden, multipurpose sports fields, baseball diamonds, and ball hockey and basketball courts. The same address hosts Flemingdon Park EarlyON, offering free drop-in early-childhood and family programs.",No emergency-specific services listed.
Community Resilience,Public Washrooms,Jenner Jean-Marie Community Centre,48 Thorncliffe Park Drive,Toronto,M4H 1J7,43.70295,-79.34274,,,,https://www.toronto.ca/explore-enjoy/parks-recreation/places-spaces/parks-and-recreation-facilities/location/?id=1076&title=Jenner-Jean-Marie-Community-Recreation-Centre ,"City community recreation centre at 48 Thorncliffe Park Drive, co-located with the Thorncliffe library branch. A small (12,000 sq ft) but heavily used neighbourhood hub offering indoor courts, a daycare centre, meeting space, workshops such as mental health and wellbeing sessions, and recreation programs. (Facility page could not be loaded; details from web search.)",No emergency-specific services listed.
Community Resilience,Public Washrooms,Leaside Outdoor Pool,5 Leaside Park Drive,Toronto,M4H 1R1,43.7023554,-79.3497306,,,,https://www.toronto.ca/data/parks/prd/facilities/complex/425/index.html,"City of Toronto outdoor public swimming pool at 5 Leaside Park Drive (in Leaside Park), open seasonally in summer for recreational and lane swimming. Listed as wheelchair accessible with accessible change rooms, level entry to the pool deck and Wheel-Trans drop-off at the Leaside Park Drive lot. (Facility page could not be loaded; details from web search.)",No emergency-specific services listed.
Non-Profits,Multi-Service Agencies,The Neighbourhood Organization (TNO),45 Overlea Boulevard,Toronto,M4H 1C3,43.70624,-79.344701,(416)421-3054,info@tno-toronto.org,X @TNOtoronto | Facebook @TNOtoronto | Instagram @tnotoronto,https://tno-toronto.org/,"Multi-service settlement agency serving Thorncliffe Park, Flemingdon Park, St. James Town and Taylor Massey. Services include settlement support (needs assessment, orientation to life in Canada/Ontario, citizenship preparation classes, immigration forms help), housing assistance (housing search, subsidized housing applications, rent bank access, energy bill assistance), seniors programs (Integrated Services for Seniors, personal support services), youth programs (e.g., after-school girls' programs), employment services, language training, and violence-against-women counselling. Free; call or drop in. (Official homepage returned minimal content; details from Ontario Health atHome service listings describing TNO's programs.)",Offers crisis intervention and counselling through its violence-against-women program; acts as a Toronto Rent Bank Access Centre and Emergency Energy Fund call centre (416-397-7368).
Non-Profits,Multi-Service Agencies,The Neighbourhood Organization (TNO),10 Gateway Boulevard,Toronto,M3C 3A1,43.709714,-79.332961,(416)421-3054,info@tno-toronto.org,X @TNOtoronto | Facebook @TNOtoronto | Instagram @tnotoronto,https://tno-toronto.org/,"Multi-service settlement agency serving Thorncliffe Park, Flemingdon Park, St. James Town and Taylor Massey. Services include settlement support (needs assessment, orientation to life in Canada/Ontario, citizenship preparation classes, immigration forms help), housing assistance (housing search, subsidized housing applications, rent bank access, energy bill assistance), seniors programs (Integrated Services for Seniors, personal support services), youth programs (e.g., after-school girls' programs), employment services, language training, and violence-against-women counselling. Free; call or drop in. (Official homepage returned minimal content; details from Ontario Health atHome service listings describing TNO's programs.)",Offers crisis intervention and counselling through its violence-against-women program; acts as a Toronto Rent Bank Access Centre and Emergency Energy Fund call centre (416-397-7368).
Non-Profits,Multi-Service Agencies,Thorncliffe Park Youth Wellness Hub (YWHO),45 Overlea Boulevard,Toronto,M4H 1C3,43.706037,-79.344911,(416)421-8397 (Ext. 5011),atahir@tno-toronto.org,Instagram @thorncliffeyouthhub,https://youthhubs.ca/site/thorncliffe-park-youth-wellness-hub,"Free, confidential walk-in-style hub for youth aged 12–25 in Thorncliffe Park and Flemingdon Park (launched by East Toronto Health Partners, TNO – The Neighbourhood Organization, and Youth Wellness Hubs Ontario; no health card, family doctor or referral needed). Services: wellness counselling, substance use support, primary care, care navigation, peer support, employment services, trades training, food bank, housing and settlement help, education, recreation/social programs, leadership development and volunteer opportunities.","The hub's page features an 'In crisis? Click here' link and lists local crisis supports: Kids Help Phone 1-800-668-6868, Talk Suicide Canada 1-833-456-4566, Distress Centres of Greater Toronto 416-408-4357, Gerstein Crisis Centre 416-929-5200, Anishnawbe Health Toronto Mental Health Crisis Management Service 1-855-242-3310, Naseeha Mental Health Hotline 1-866-627-3342, Youthdale Treatment Centres Crisis & Mobile Support Team 416-363-9990, Scarborough Health Network Community Crisis Line 416-495-2891, Assaulted Women's Helpline 416-863-0511, Toronto Rape Crisis Centre 416-597-8808, and Michael Garron Hospital Emergency Department (825 Coxwell Ave.)."
Non-Profits,Multi-Service Agencies,Afghan Women's Organization Refugee and Immigrant Services,45 Overlea Boulevard,Toronto,M4H 1C3,43.705804,-79.346025,(647)438-8145,receptionhd@afghanwomen.org,Facebook @afghanwomengreatertoronto | Instagram @afghanwomensorg,https://afghanwomen.org/,"Free settlement services for refugees and immigrants, with a special focus on women and families: women-only LINC English classes, translation and interpretation services, employment support, basic and advanced computer classes, English conversation circles, sewing club, youth drop-in, and low-impact exercise. All programs are free, offered onsite and online (call for an appointment).",Offers crisis counselling (their impact page reports 207 clients received it). No 911-style emergency response listed.
Non-Profits,Multi-Service Agencies,Canadian Community Service Organization,45 Overlea Boulevard (Thorncliffe Park Community Hub),Toronto,M4H 1C3,43.706068,-79.344591,,,,https://thorncliffehub.org/grassroots/,"Grassroots community group based at Thorncliffe Park Community Hub (45 Overlea Blvd). Not currently listed on the official grassroots page — details unconfirmed, verify before publishing.",No emergency-specific services listed.
Non-Profits,Food Security & Climate Resilience,TNO Food Collaborative,45 Overlea Boulevard,Toronto,M4H 1C3,43.70624,-79.344701,(647)296-0242,fcreception@tno-toronto.org,Instagram @tnofoodcollaborative,https://tno-toronto.org/food-bank,"The TNO Food Collaborative (run by The Neighbourhood Organization) provides free food access to thousands of individuals in the Thorncliffe Park and Flemingdon Park communities, including fresh produce, eggs, and dairy products distributed twice a month, with year-round distribution supported by community partners like Greenwin Cares. Note: the food-bank page itself failed to load; these details come from a Greenwin partnership announcement describing the Food Collaborative's services, so confirm specifics at www.tno-toronto.org or info@tno-toronto.org / 416-424-2900.","Emergency food support for families in need (free food distribution twice monthly). No shelter, cooling centre, or crisis-line services specific to the Food Collaborative were confirmed."
Non-Profits,Food Security & Climate Resilience,Gateway Bike Hub,10 Gateway Boulevard,North York,M3C 3A1,43.709941,-79.332752,(416)551-2011,info@gatewaybikehub.org,X @GatewayBikeHub | Instagram @Gatewaybikehub,https://tno-toronto.org/bikehub ,"Community bike hub on Gateway Blvd run by TNO. Offers free bike repairs (bookable appointments), do-it-yourself repair hours with tools and space, bike mechanics workshops, learn-to-ride lessons and group rides. Bikes available via the Earn-a-Bike program, twice-yearly bike giveaways, and an apply-for-a-bike option.",No emergency-specific services listed.
Non-Profits,Food Security & Climate Resilience,Community Informative Network,45 Overlea Boulevard (Thorncliffe Park Community Hub),Toronto,M4H 1C3,43.706055,-79.344819,,,,https://thorncliffehub.org/grassroots/,"Grassroots community group based at Thorncliffe Park Community Hub (45 Overlea Blvd). Not currently listed on the official grassroots page — details unconfirmed, verify before publishing.",No emergency-specific services listed.
Non-Profits,Food Security & Climate Resilience,Thorncliffe Park Urban Farmers,45 Overlea Boulevard (Thorncliffe Park Community Hub),Toronto,M4H 1C3,43.706065,-79.344688,,tpurbanfarm@gmail.com,Instagram @Thorncliffepark_urbanfarmers,https://thorncliffeparkurbanfarmers.ca/,"Community urban-farming group in Thorncliffe Park maintaining two communal vegetable gardens and 20+ fruit trees, with all harvests shared freely with residents and volunteers. Runs environmental education, children's nature programs, youth leadership and volunteer hours, a resident-led composting program, pollinator habitats, and woodworking and art workshops.",No emergency-specific services listed.
Non-Profits,Food Security & Climate Resilience,Flemo Farms,150 Grenoble Drive,North York,M3C 1B9,43.713575,-79.326265,(416)363-6441 (Ext 211),flemofarm@gmail.com,Instagram @flemofarm,https://flemofarm.ca/,"Community-developed farm in Flemingdon Park growing healthy food for residents. Offers community food growing, a weekly summer farmers' market at 150 Grenoble Drive (Thursdays 3-6pm, late June to early October), and a Community Farmer program giving residents entrepreneurial opportunities to run micro-farm businesses.",No emergency-specific services listed.
Non-Profits,Food Security & Climate Resilience,Women's Cycling Network,45 Overlea Boulevard (Thorncliffe Park Community Hub),Toronto,M4H 1C3,43.705997,-79.34455,,womenscyclingnetwork.gta@gmail.com,Instagram @womenscyclingnetwork.gta,https://www.womenscyclingnetwork.ca/,"Community network promoting cycling as empowerment for women of all backgrounds, especially newcomers to Canada whose culture prohibited them from learning to ride. Brings together new and experienced cyclists through group rides, education, advocacy and events, and connects donated bikes with women in need through BikeMatchWCN.",No emergency-specific services listed.
Non-Profits,Food Security & Climate Resilience,E-Heroes,45 Overlea Boulevard (Thorncliffe Park Community Hub),Toronto,M4H 1C3,43.706202,-79.344731,,,,https://thorncliffehub.org/grassroots/,"Community grassroots group founded in 2019 by Thorncliffe & Flemingdon Park residents of all ages and cultures. Runs education initiatives on reducing indirect greenhouse gas emissions (buildings, waste, transportation) aligned with Toronto's TransformTO strategy, promotes 'climate-wise' sustainable living habits, and helps include seniors who became isolated during the pandemic.",No emergency-specific services listed.
Non-Profits,Food Security & Climate Resilience,Lovers of Planet Earth,45 Overlea Boulevard (Thorncliffe Park Community Hub),Toronto,M4H 1C3,43.7058856,-79.344545,,,,https://thorncliffehub.org/grassroots/,"Grassroots community group based at Thorncliffe Park Community Hub (45 Overlea Blvd). Not currently listed on the official grassroots page — details unconfirmed, verify before publishing.",No emergency-specific services listed.
Non-Profits,Food Security & Climate Resilience,Thorncliffe Park Women's Committee,45 Overlea Boulevard (Thorncliffe Park Community Hub),Toronto,M4H 1C3,43.706101,-79.344578,(647)203-2545,,Facebook @tpkwc | Instagram @thorncliffetpwc,https://tpwomenscomm.org/,"Grassroots women's community organization that led the revitalization of R.V. Burgess Park, co-creating amenities such as a community garden, park cafe, splash pad, seating, lighting and the only outdoor tandoor oven in a North American public park. Focuses on community building and intercultural work in Thorncliffe Park.",No emergency-specific services listed.
Non-Profits,Employment & Skills Training,TNO Trades Connect,45 Overlea Boulevard,East York,M4H 1C3,43.70624,-79.344701,(416)421-8397 (Ext. 4804),trades@tno-toronto.org,Facebook @TNOTradesCentre | Instagram @tnotc,https://tno-toronto.org/trades-connect,"TNO program (funded by IRCC) helping newcomers aged 18+ pursue skilled trades and technical careers. Offers training and employment pathways in construction, HVAC (G2/G3 licence), IT including data science and AI, truck driving (DZ licence), forklift operation and construction traffic control. Open to permanent residents, convention refugees and Canadian citizens with CLB 5-6+ English.",No emergency-specific services listed.
Non-Profits,Employment & Skills Training,TNO Integrated Employment Services,45 Overlea Boulevard,East York,M4H 1C3,43.706049,-79.344674,(416)467-0126,employmentservices@tno-toronto.org,X @TNOtoronto | Facebook @TNOtoronto | Instagram @tnotoronto,https://tno-toronto.org/programs/integrated-employment-services,"TNO's free Employment Ontario program at the Thorncliffe Park Community Hub (45 Overlea Blvd, Unit 200), open to all Ontario residents. Offers career exploration, training-needs assessment, job search and retention skills, hiring events, information sessions, workshops and one-on-one career support, plus free HR, onboarding and job-posting help for employers.",No emergency-specific services listed.
Non-Profits,Employment & Skills Training,Tech Guides,45 Overlea Boulevard (Thorncliffe Park Community Hub),Toronto,M4H 1C3,43.705942,-79.344682,,,,https://thorncliffehub.org/grassroots/,"Grassroots community group based at Thorncliffe Park Community Hub (45 Overlea Blvd). Not currently listed on the official grassroots page — details unconfirmed, verify before publishing.",No emergency-specific services listed.
Non-Profits,Family & Parenting Support,Beautiful Families,45 Overlea Boulevard (Thorncliffe Park Community Hub),Toronto,M4H 1C3,43.70614,-79.344918,,,,https://thorncliffehub.org/grassroots/,"A resident-led group bringing families together across diverse backgrounds through gatherings, cultural celebrations, education, and volunteer initiatives. Aims to combat social isolation and loneliness and supports children's education through active involvement in the Parent Councils of Gateway Public School, Valley Park Middle School, and Marc Garneau Collegiate Institute.",No emergency-specific services listed.
Non-Profits,Family & Parenting Support,Parenting Group,45 Overlea Boulevard (Thorncliffe Park Community Hub),Toronto,M4H 1C3,43.706029,-79.34457,,,,https://thorncliffehub.org/grassroots/,"A grassroots group of about 80 members from 75 families across Thorncliffe and Flemingdon Parks, from many cultures and religions. Aims to take a leadership role in connecting community organizations and residents to build a stronger neighbourhood.",No emergency-specific services listed.
Non-Profits,Family & Parenting Support,Thorncliffe Park Autism Support Network (TPASN),45 Overlea Boulevard (Thorncliffe Park Community Hub),Toronto,M4H 1C3,43.705942,-79.344608,,,Facebook @TPASNThorncliffeParkAutismSupportNetwork,https://www.tpautismsupport.ca/,"Grassroots non-profit (founded 2018 by parents of children with autism, incorporated 2020) providing free, community-based, family-oriented services for children and youth with autism and other neurodevelopmental disorders in East York. Programs include Roots youth programs running Monday to Saturday, weekend respite, monthly parent support meetings, after-school homework support, free inclusive summer and March break camps, back-to-school events, educational workshops and autism/disability awareness campaigns. (Official site could not be loaded; details from the organization's official description page via web search.)",No emergency-specific services listed. (The group has previously distributed food hampers during and after the pandemic as a charitable activity.)
Non-Profits,Social & Cultural Organizations,Beautiful Families,45 Overlea Boulevard (Thorncliffe Park Community Hub),Toronto,M4H 1C3,43.70614,-79.344918,,,,https://thorncliffehub.org/grassroots/,"A resident-led group bringing families together across diverse backgrounds through gatherings, cultural celebrations, education, and volunteer initiatives. Aims to combat social isolation and loneliness and supports children's education through active involvement in the Parent Councils of Gateway Public School, Valley Park Middle School, and Marc Garneau Collegiate Institute.",No emergency-specific services listed.
Non-Profits,Social & Cultural Organizations,Community Informative Network,45 Overlea Boulevard (Thorncliffe Park Community Hub),Toronto,M4H 1C3,43.706055,-79.344819,,,,https://thorncliffehub.org/grassroots/,"Grassroots community group based at Thorncliffe Park Community Hub (45 Overlea Blvd). Not currently listed on the official grassroots page — details unconfirmed, verify before publishing.",No emergency-specific services listed.
Non-Profits,Social & Cultural Organizations,Engaged Communities,45 Overlea Boulevard (Thorncliffe Park Community Hub),Toronto,M4H 1C3,43.706097,-79.344619,,info@engagedcommunities.ca,Instagram @Engagedcommunities,https://engagedcommunities.ca/,"The homepage returned a 'Page Not Found' error, so services were drawn from the Thorncliffe Hub grassroots listing and third-party community resource pages. Engaged Communities is the same resident organizing group described above: started November 2019 to address youth violence, builds resident engagement in community processes, and connects residents, agencies, schools, police, and politicians. It was a 2023 City of Toronto Youth Violence Prevention Grant recipient in partnership with Flemingdon Health Centre.",No emergency-specific services listed.
Non-Profits,Social & Cultural Organizations,Neighbours' Night Out,45 Overlea Boulevard (Thorncliffe Park Community Hub),Toronto,M4H 1C3,43.705922,-79.344716,(647)292-5364,malam@ymail.com,Facebook @TPNNO,https://thorncliffehub.org/grassroots/,"Thorncliffe Park's biggest annual community event, held for the last 14 years in R.V. Burgess Park. A summer afternoon and evening with refreshments, arts and crafts, music, dance, games, bazaar tables, and food from local businesses. Organized by an independent volunteer committee; about 100 youth volunteer each year, building leadership skills.",No emergency-specific services listed.
Non-Profits,Social & Cultural Organizations,Thorncliffe Ball Hockey League,45 Overlea Boulevard (Thorncliffe Park Community Hub),Toronto,M4H 1C3,43.706105,-79.344659,,,,https://thorncliffehub.org/grassroots/,"Grassroots community group based at Thorncliffe Park Community Hub (45 Overlea Blvd). Not currently listed on the official grassroots page — details unconfirmed, verify before publishing.",No emergency-specific services listed.
Non-Profits,Social & Cultural Organizations,Thorncliffe Wellness Cafe Group,45 Overlea Boulevard (Thorncliffe Park Community Hub),Toronto,M4H 1C3,43.705947,-79.344561,,,Facebook @communitywellnesscafe,https://thorncliffehub.org/grassroots/,"A community-led initiative raising awareness of mental health and reducing its stigma in the South Asian community, particularly for newcomers and immigrants of first and second generations.",No emergency-specific services listed.
Non-Profits,Social & Cultural Organizations,Toronto Hifz Academy,45 Overlea Boulevard,Toronto,M4H 1C3,43.705547,-79.345754,(647)505-8622,Info@torontohifzacademy.com,,https://torontohifzacademy.com/,"Toronto Hifz Academy at 45 Overlea Blvd, Unit 201, Toronto (M4H 1C3; 647-505-8622) is a Quranic school offering Full-Time and Part-Time Hifz (Quran memorization), Pre-Hifz, Hafiz review, Classical Arabic, and Sisters Quran classes. Classes run Mon–Thu 9am–1pm and 4pm–7pm, and Fri 9am–2pm and 4pm–7pm.",No emergency-specific services listed.
Non-Profits,Social & Cultural Organizations,Thorncliffe Park Women's Committee,45 Overlea Boulevard (Thorncliffe Park Community Hub),Toronto,M4H 1C3,43.706101,-79.344578,(647)203-2545,,Facebook @tpkwc | Instagram @thorncliffetpwc,https://tpwomenscomm.org/,"Grassroots women's community organization that led the revitalization of R.V. Burgess Park, co-creating amenities such as a community garden, park cafe, splash pad, seating, lighting and the only outdoor tandoor oven in a North American public park. Focuses on community building and intercultural work in Thorncliffe Park.",No emergency-specific services listed.
Non-Profits,Social & Cultural Organizations,Flemingdon Community Group,45 Overlea Boulevard (Thorncliffe Park Community Hub),Toronto,M4H 1C3,43.706021,-79.34473,,,,https://thorncliffehub.org/grassroots/,"Grassroots community group based at Thorncliffe Park Community Hub (45 Overlea Blvd). Not currently listed on the official grassroots page — details unconfirmed, verify before publishing.",No emergency-specific services listed.
Non-Profits,Newcomer Supports,Community Informative Network,45 Overlea Boulevard (Thorncliffe Park Community Hub),Toronto,M4H 1C3,43.706055,-79.344819,,,,https://thorncliffehub.org/grassroots/,"Grassroots community group based at Thorncliffe Park Community Hub (45 Overlea Blvd). Not currently listed on the official grassroots page — details unconfirmed, verify before publishing.",No emergency-specific services listed.
Non-Profits,Newcomer Supports,Home Essentials Newcomer Support (HENS),45 Overlea Boulevard (Thorncliffe Park Community Hub),Toronto,M4H 1C3,43.705872,-79.34468,(437)473-7023,henstoronto@gmail.com,Facebook @HENS-HomeEssentialsNewcomerSupport | Instagram @hens_tp,https://henstoronto.com/,"Registered non-profit supporting newcomer families, refugees, asylum seekers and people moving from shelters into permanent housing. Distributes free household essentials (seasonal clothing, footwear, kitchenware, bedding, bath accessories and select furniture) and runs newcomer workshops on parenting, navigating local systems and community resources.",No emergency-specific services listed.
Non-Profits,Newcomer Supports,Thorncliffe Wellness Cafe Group,45 Overlea Boulevard (Thorncliffe Park Community Hub),Toronto,M4H 1C3,43.705947,-79.344561,,,Facebook @communitywellnesscafe,https://thorncliffehub.org/grassroots/,"A community-led initiative raising awareness of mental health and reducing its stigma in the South Asian community, particularly for newcomers and immigrants of first and second generations.",No emergency-specific services listed.
Non-Profits,Housing & Tenant Supports,Home Essentials Newcomer Support (HENS),45 Overlea Boulevard (Thorncliffe Park Community Hub),Toronto,M4H 1C3,43.705872,-79.34468,(437)473-7023,henstoronto@gmail.com,Facebook @HENS-HomeEssentialsNewcomerSupport | Instagram @hens_tp,https://henstoronto.com/,"Registered non-profit supporting newcomer families, refugees, asylum seekers and people moving from shelters into permanent housing. Distributes free household essentials (seasonal clothing, footwear, kitchenware, bedding, bath accessories and select furniture) and runs newcomer workshops on parenting, navigating local systems and community resources.",No emergency-specific services listed.
Non-Profits,Housing & Tenant Supports,Leaside Towers Association,45 Overlea Boulevard (Thorncliffe Park Community Hub),Toronto,M4H 1C3,43.706076,-79.344731,,,,https://leasidetowerstenants.ca/,The Leaside Towers Tenants Association page for 85 & 95 Thorncliffe Park Drive functions as a contact directory for residents: property manager (Morguard) at 416-421-8109 and building security guards (Building 85: 647-462-0404; Building 95: 416-906-7970).,"Emergency maintenance requests (nights, weekends & holidays): 416-207-8253. Building security contacts are also listed above for urgent building issues."
Non-Profits,Neighbourhood & Individual Empowerment,Friends of Thorncliffe Park,45 Overlea Boulevard (Thorncliffe Park Community Hub),Toronto,M4H 1C3,43.706184,-79.344706,,,Facebook @ThorncliffeTO | Instagram @Thorncliffefriends,https://thorncliffehub.org/grassroots/,"A group of neighbours working to create accessible, engaging, and inclusive public spaces for everyone to enjoy in Thorncliffe Park.",No emergency-specific services listed.
Non-Profits,Neighbourhood & Individual Empowerment,Friends of Flemingdon Park,45 Overlea Boulevard (Thorncliffe Park Community Hub),Toronto,M4H 1C3,43.706174,-79.344888,,,Instagram @FriendsofFlemingdon,https://thorncliffehub.org/grassroots/,"Grassroots community group based at Thorncliffe Park Community Hub (45 Overlea Blvd). Not currently listed on the official grassroots page — details unconfirmed, verify before publishing.",No emergency-specific services listed.
Non-Profits,Neighbourhood & Individual Empowerment,Coalition of Women in Leadership,45 Overlea Boulevard (Thorncliffe Park Community Hub),Toronto,M4H 1C3,43.706084,-79.344687,,,,https://thorncliffehub.org/grassroots/,"Grassroots community group based at Thorncliffe Park Community Hub (45 Overlea Blvd). Not currently listed on the official grassroots page — details unconfirmed, verify before publishing.",No emergency-specific services listed.
Non-Profits,Neighbourhood & Individual Empowerment,Global Womens Network,45 Overlea Boulevard (Thorncliffe Park Community Hub),Toronto,M4H 1C3,43.705894,-79.344818,,,,https://thorncliffehub.org/grassroots/,"Grassroots community group based at Thorncliffe Park Community Hub (45 Overlea Blvd). Not currently listed on the official grassroots page — details unconfirmed, verify before publishing.",No emergency-specific services listed.
Non-Profits,Neighbourhood & Individual Empowerment,Flemingdon Community Support Services,45 Overlea Boulevard (Thorncliffe Park Community Hub),Toronto,M4H 1C3,43.705944,-79.344529,,,,https://thorncliffehub.org/grassroots/,"Grassroots community group based at Thorncliffe Park Community Hub (45 Overlea Blvd). Not currently listed on the official grassroots page — details unconfirmed, verify before publishing.",No emergency-specific services listed.
Non-Profits,Neighbourhood & Individual Empowerment,A77,45 Overlea Boulevard (Thorncliffe Park Community Hub),Toronto,M4H 1C3,43.705888,-79.344678,,Hello@a77inc.com,Instagram @a77inc,https://www.a77inc.com/,"Multi-disciplinary consulting firm working with organizations across industries (clients have included TNO, OCAD University and the Islamic Society of Toronto). Services include market and user research, design and urban planning, project and program management, operational support, governance and leadership advisory, business consulting, AI and emerging-tech integration, branding and media, sales optimization, and training and workshops.",No emergency-specific services listed.
